2026-07-19T06:22:31Z	Python [66529]: 64-bit    Footprint: 35 GB (16384 bytes per page)
2026-07-19T06:22:46Z	Python [66529]: 64-bit    Footprint: 41 GB (16384 bytes per page)
2026-07-19T06:23:01Z	Python [66529]: 64-bit    Footprint: 53 GB (16384 bytes per page)
2026-07-19T06:23:16Z	Python [66529]: 64-bit    Footprint: 61 GB (16384 bytes per page)
2026-07-19T06:23:31Z	Python [66529]: 64-bit    Footprint: 42 GB (16384 bytes per page)
2026-07-19T06:23:46Z	Python [66529]: 64-bit    Footprint: 39 GB (16384 bytes per page)
2026-07-19T06:24:02Z	Python [66529]: 64-bit    Footprint: 35 GB (16384 bytes per page)
2026-07-19T06:24:17Z	Python [66529]: 64-bit    Footprint: 18 GB (16384 bytes per page)
2026-07-19T06:24:32Z	Python [66529]: 64-bit    Footprint: 40 GB (16384 bytes per page)
2026-07-19T06:24:47Z	Python [66529]: 64-bit    Footprint: 55 GB (16384 bytes per page)
2026-07-19T06:25:02Z	Python [66529]: 64-bit    Footprint: 57 GB (16384 bytes per page)
2026-07-19T06:25:17Z	Python [66529]: 64-bit    Footprint: 41 GB (16384 bytes per page)
2026-07-19T06:25:32Z	Python [66529]: 64-bit    Footprint: 39 GB (16384 bytes per page)
2026-07-19T06:25:47Z	Python [66529]: 64-bit    Footprint: 28 GB (16384 bytes per page)
2026-07-19T06:26:03Z	Python [66529]: 64-bit    Footprint: 50 GB (16384 bytes per page)
2026-07-19T06:26:20Z	Python [66529]: 64-bit    Footprint: 53 GB (16384 bytes per page)
2026-07-19T06:26:35Z	Python [66529]: 64-bit    Footprint: 41 GB (16384 bytes per page)
2026-07-19T06:26:50Z	Python [66529]: 64-bit    Footprint: 27 GB (16384 bytes per page)
2026-07-19T06:27:05Z	Python [66529]: 64-bit    Footprint: 44 GB (16384 bytes per page)
2026-07-19T06:27:21Z	Python [66529]: 64-bit    Footprint: 47 GB (16384 bytes per page)
2026-07-19T06:27:36Z	Python [66529]: 64-bit    Footprint: 25 GB (16384 bytes per page)
2026-07-19T06:27:51Z	Python [66529]: 64-bit    Footprint: 43 GB (16384 bytes per page)
2026-07-19T06:28:06Z	Python [66529]: 64-bit    Footprint: 50 GB (16384 bytes per page)
2026-07-19T06:28:21Z	Python [66529]: 64-bit    Footprint: 57 GB (16384 bytes per page)
2026-07-19T06:28:36Z	Python [66529]: 64-bit    Footprint: 42 GB (16384 bytes per page)
2026-07-19T06:28:51Z	Python [66529]: 64-bit    Footprint: 40 GB (16384 bytes per page)
2026-07-19T06:29:07Z	Python [66529]: 64-bit    Footprint: 36 GB (16384 bytes per page)
